PRODUCT_ID,PRODUCT_SKU,PRODUCT_NAME,CATEGORY,SUBCATEGORY,BRAND,COST,RETAIL_PRICE,SEASONAL_FLAG,LAUNCH_DATE
2001,SKU-TSH-001,Classic Cotton Tee,Apparel,Tops,StyleForward,12.50,39.99,false,2021-03-01
2002,SKU-JNS-001,Slim Fit Jeans,Apparel,Bottoms,Urban Denim,28.00,89.99,false,2020-09-15
2003,SKU-DRS-001,Summer Floral Dress,Apparel,Dresses,Bloom,35.00,119.99,true,2023-04-01
2004,SKU-SHO-001,Running Sneakers,Footwear,Athletic,SpeedRun,45.00,149.99,false,2022-01-10
2005,SKU-BAG-001,Leather Crossbody Bag,Accessories,Bags,LuxCarry,55.00,189.99,false,2021-11-20
2006,SKU-JKT-001,Winter Puffer Jacket,Apparel,Outerwear,Arctic,75.00,249.99,true,2023-10-01
2007,SKU-SUN-001,Aviator Sunglasses,Accessories,Eyewear,SunStyle,22.00,79.99,true,2023-05-15
2008,SKU-WTC-001,Smart Fitness Watch,Electronics,Wearables,TechFit,85.00,299.99,false,2023-08-01
2009,SKU-SCF-001,Cashmere Scarf,Accessories,Scarves,Cozy,38.00,129.99,true,2023-09-01
2010,SKU-BLT-001,Genuine Leather Belt,Accessories,Belts,ClassicCraft,18.00,59.99,false,2022-06-01
2011,SKU-TSH-002,V-Neck Premium Tee,Apparel,Tops,StyleForward,14.00,44.99,false,2021-05-15
2012,SKU-JNS-002,Relaxed Fit Jeans,Apparel,Bottoms,Urban Denim,26.00,84.99,false,2020-10-20
2013,SKU-DRS-002,Evening Cocktail Dress,Apparel,Dresses,Elegance,48.00,159.99,false,2023-02-10
2014,SKU-SHO-002,Casual Canvas Shoes,Footwear,Casual,ComfortWalk,32.00,99.99,false,2022-03-05
2015,SKU-BAG-002,Canvas Tote Bag,Accessories,Bags,EcoCarry,15.00,49.99,false,2021-12-10
2016,SKU-JKT-002,Denim Jacket,Apparel,Outerwear,Urban Denim,42.00,139.99,false,2023-03-20
2017,SKU-SUN-002,Round Frame Sunglasses,Accessories,Eyewear,RetroView,20.00,69.99,true,2023-06-01
2018,SKU-WTC-002,Classic Analog Watch,Accessories,Watches,TimeCraft,65.00,229.99,false,2023-07-15
2019,SKU-SCF-002,Silk Scarf,Accessories,Scarves,LuxWear,30.00,99.99,false,2023-08-20
2020,SKU-BLT-002,Fabric Belt,Accessories,Belts,CasualFit,10.00,34.99,false,2022-07-10
2021,SKU-TSH-003,Graphic Print Tee,Apparel,Tops,UrbanArt,13.50,42.99,false,2021-07-20
2022,SKU-JNS-003,Skinny Jeans,Apparel,Bottoms,TrendFit,29.00,94.99,false,2020-11-05
2023,SKU-DRS-003,Maxi Summer Dress,Apparel,Dresses,BeachLife,40.00,134.99,true,2023-05-20
2024,SKU-SHO-003,High-Top Basketball Shoes,Footwear,Athletic,CourtKing,52.00,169.99,false,2022-02-15
2025,SKU-BAG-003,Backpack Leather,Accessories,Bags,StudyLux,48.00,164.99,false,2021-09-01
2026,SKU-JKT-003,Raincoat Waterproof,Apparel,Outerwear,WeatherShield,38.00,129.99,false,2023-04-10
2027,SKU-SUN-003,Sport Sunglasses,Accessories,Eyewear,ActiveShade,25.00,89.99,true,2023-05-25
2028,SKU-WTC-003,Digital Sport Watch,Electronics,Wearables,SportTime,45.00,159.99,false,2023-09-10
2029,SKU-SCF-003,Wool Winter Scarf,Accessories,Scarves,WarmWrap,28.00,94.99,true,2023-10-15
2030,SKU-BLT-003,Chain Belt,Accessories,Belts,MetalCraft,22.00,74.99,false,2022-08-20
2031,SKU-APP-2031,Slim Fit Jeans,Apparel,Bottoms,Urban Denim,28.00,89.99,true,2024-03-10
2032,SKU-ACC-2032,Round Frame Sunglasses,Accessories,Eyewear,RetroView,20.00,69.99,false,2023-10-08
2033,SKU-APP-2033,Denim Jacket,Apparel,Outerwear,Urban Denim,42.00,139.99,true,2025-07-20
2034,SKU-APP-2034,Maxi Summer Dress,Apparel,Dresses,BeachLife,40.00,134.99,true,2024-02-05
2035,SKU-ELE-2035,Smart Fitness Watch,Electronics,Wearables,TechFit,85.00,299.99,true,2024-03-21
2036,SKU-ACC-2036,Leather Crossbody Bag,Accessories,Bags,LuxCarry,55.00,189.99,true,2024-12-20
2037,SKU-APP-2037,Relaxed Fit Jeans,Apparel,Bottoms,Urban Denim,26.00,84.99,true,2025-01-08
2038,SKU-APP-2038,Relaxed Fit Jeans,Apparel,Bottoms,Urban Denim,26.00,84.99,true,2023-11-26
2039,SKU-ACC-2039,Classic Analog Watch,Accessories,Watches,TimeCraft,65.00,229.99,false,2024-12-01
2040,SKU-APP-2040,Slim Fit Jeans,Apparel,Bottoms,Urban Denim,28.00,89.99,false,2024-08-04
2041,SKU-APP-2041,Graphic Print Tee,Apparel,Tops,UrbanArt,13.50,42.99,false,2025-08-24
2042,SKU-ACC-2042,Silk Scarf,Accessories,Scarves,LuxWear,30.00,99.99,false,2025-04-18
2043,SKU-APP-2043,Skinny Jeans,Apparel,Bottoms,TrendFit,29.00,94.99,false,2023-12-25
2044,SKU-FOO-2044,High-Top Basketball Shoes,Footwear,Athletic,CourtKing,52.00,169.99,true,2024-01-06
2045,SKU-ACC-2045,Cashmere Scarf,Accessories,Scarves,Cozy,38.00,129.99,false,2023-11-22
2046,SKU-APP-2046,Graphic Print Tee,Apparel,Tops,UrbanArt,13.50,42.99,false,2024-02-25
2047,SKU-ACC-2047,Classic Analog Watch,Accessories,Watches,TimeCraft,65.00,229.99,false,2024-11-07
2048,SKU-ACC-2048,Chain Belt,Accessories,Belts,MetalCraft,22.00,74.99,false,2024-03-14
2049,SKU-ACC-2049,Silk Scarf,Accessories,Scarves,LuxWear,30.00,99.99,false,2024-08-13
2050,SKU-ACC-2050,Fabric Belt,Accessories,Belts,CasualFit,10.00,34.99,false,2025-08-03
2051,SKU-APP-2051,Relaxed Fit Jeans,Apparel,Bottoms,Urban Denim,26.00,84.99,true,2023-12-08
2052,SKU-FOO-2052,High-Top Basketball Shoes,Footwear,Athletic,CourtKing,52.00,169.99,true,2024-05-09
2053,SKU-APP-2053,Graphic Print Tee,Apparel,Tops,UrbanArt,13.50,42.99,true,2024-12-03
2054,SKU-APP-2054,Maxi Summer Dress,Apparel,Dresses,BeachLife,40.00,134.99,true,2025-06-26
2055,SKU-ELE-2055,Smart Fitness Watch,Electronics,Wearables,TechFit,85.00,299.99,true,2023-11-26
2056,SKU-ACC-2056,Cashmere Scarf,Accessories,Scarves,Cozy,38.00,129.99,true,2025-05-03
2057,SKU-FOO-2057,Running Sneakers,Footwear,Athletic,SpeedRun,45.00,149.99,true,2024-08-07
2058,SKU-APP-2058,Summer Floral Dress,Apparel,Dresses,Bloom,35.00,119.99,true,2024-09-12
2059,SKU-FOO-2059,High-Top Basketball Shoes,Footwear,Athletic,CourtKing,52.00,169.99,false,2025-05-15
2060,SKU-APP-2060,Classic Cotton Tee,Apparel,Tops,StyleForward,12.50,39.99,true,2024-05-02
2061,SKU-ACC-2061,Silk Scarf,Accessories,Scarves,LuxWear,30.00,99.99,false,2024-08-19
2062,SKU-ACC-2062,Chain Belt,Accessories,Belts,MetalCraft,22.00,74.99,true,2023-11-08
2063,SKU-ACC-2063,Silk Scarf,Accessories,Scarves,LuxWear,30.00,99.99,true,2024-09-06
2064,SKU-APP-2064,Raincoat Waterproof,Apparel,Outerwear,WeatherShield,38.00,129.99,false,2024-11-26
2065,SKU-APP-2065,Winter Puffer Jacket,Apparel,Outerwear,Arctic,75.00,249.99,false,2025-06-11
2066,SKU-APP-2066,V-Neck Premium Tee,Apparel,Tops,StyleForward,14.00,44.99,true,2023-12-22
2067,SKU-ACC-2067,Wool Winter Scarf,Accessories,Scarves,WarmWrap,28.00,94.99,false,2024-11-27
2068,SKU-APP-2068,V-Neck Premium Tee,Apparel,Tops,StyleForward,14.00,44.99,true,2025-03-02
2069,SKU-APP-2069,Skinny Jeans,Apparel,Bottoms,TrendFit,29.00,94.99,false,2025-01-15
2070,SKU-ACC-2070,Aviator Sunglasses,Accessories,Eyewear,SunStyle,22.00,79.99,true,2025-01-02
2071,SKU-ACC-2071,Canvas Tote Bag,Accessories,Bags,EcoCarry,15.00,49.99,true,2023-12-16
2072,SKU-APP-2072,Evening Cocktail Dress,Apparel,Dresses,Elegance,48.00,159.99,true,2024-09-16
2073,SKU-APP-2073,Raincoat Waterproof,Apparel,Outerwear,WeatherShield,38.00,129.99,false,2025-07-27
2074,SKU-ELE-2074,Digital Sport Watch,Electronics,Wearables,SportTime,45.00,159.99,true,2025-07-10
2075,SKU-FOO-2075,Casual Canvas Shoes,Footwear,Casual,ComfortWalk,32.00,99.99,false,2024-11-25
2076,SKU-APP-2076,Maxi Summer Dress,Apparel,Dresses,BeachLife,40.00,134.99,true,2024-03-30
2077,SKU-ACC-2077,Canvas Tote Bag,Accessories,Bags,EcoCarry,15.00,49.99,true,2024-11-29
2078,SKU-ELE-2078,Smart Fitness Watch,Electronics,Wearables,TechFit,85.00,299.99,true,2025-10-04
2079,SKU-APP-2079,V-Neck Premium Tee,Apparel,Tops,StyleForward,14.00,44.99,true,2024-12-20
2080,SKU-ACC-2080,Leather Crossbody Bag,Accessories,Bags,LuxCarry,55.00,189.99,true,2024-01-02
2081,SKU-APP-2081,Relaxed Fit Jeans,Apparel,Bottoms,Urban Denim,26.00,84.99,true,2025-08-22
2082,SKU-ACC-2082,Classic Analog Watch,Accessories,Watches,TimeCraft,65.00,229.99,false,2024-02-28
2083,SKU-APP-2083,Evening Cocktail Dress,Apparel,Dresses,Elegance,48.00,159.99,false,2024-11-13
2084,SKU-FOO-2084,Running Sneakers,Footwear,Athletic,SpeedRun,45.00,149.99,true,2025-01-10
2085,SKU-ACC-2085,Wool Winter Scarf,Accessories,Scarves,WarmWrap,28.00,94.99,false,2025-09-07
2086,SKU-APP-2086,Graphic Print Tee,Apparel,Tops,UrbanArt,13.50,42.99,false,2025-07-27
2087,SKU-ACC-2087,Backpack Leather,Accessories,Bags,StudyLux,48.00,164.99,false,2024-01-20
2088,SKU-APP-2088,V-Neck Premium Tee,Apparel,Tops,StyleForward,14.00,44.99,true,2024-05-06
2089,SKU-FOO-2089,Casual Canvas Shoes,Footwear,Casual,ComfortWalk,32.00,99.99,false,2025-05-05
2090,SKU-FOO-2090,High-Top Basketball Shoes,Footwear,Athletic,CourtKing,52.00,169.99,false,2025-08-19
2091,SKU-ACC-2091,Aviator Sunglasses,Accessories,Eyewear,SunStyle,22.00,79.99,false,2024-12-31
2092,SKU-FOO-2092,High-Top Basketball Shoes,Footwear,Athletic,CourtKing,52.00,169.99,true,2023-10-07
2093,SKU-APP-2093,Raincoat Waterproof,Apparel,Outerwear,WeatherShield,38.00,129.99,true,2023-11-04
2094,SKU-ACC-2094,Round Frame Sunglasses,Accessories,Eyewear,RetroView,20.00,69.99,false,2023-10-01
2095,SKU-APP-2095,Denim Jacket,Apparel,Outerwear,Urban Denim,42.00,139.99,true,2025-05-20
2096,SKU-ACC-2096,Genuine Leather Belt,Accessories,Belts,ClassicCraft,18.00,59.99,false,2025-01-24
2097,SKU-APP-2097,Relaxed Fit Jeans,Apparel,Bottoms,Urban Denim,26.00,84.99,true,2025-09-19
2098,SKU-APP-2098,Evening Cocktail Dress,Apparel,Dresses,Elegance,48.00,159.99,false,2024-09-10
2099,SKU-ACC-2099,Chain Belt,Accessories,Belts,MetalCraft,22.00,74.99,true,2024-03-11
2100,SKU-ACC-2100,Classic Analog Watch,Accessories,Watches,TimeCraft,65.00,229.99,true,2024-05-05
