STORE_ID,STORE_NAME,STORE_TYPE,CITY,STATE,SQUARE_FOOTAGE,MANAGER_NAME,OPENED_DATE,ZONE
1001,Lone Star Market,Supercenter,Dallas,Texas,41200,Maria Gomez,2020-03-15,America/Chicago
1002,Cactus Retail,Neighborhood,Austin,Texas,38600,James Carter,2021-07-12,America/Chicago
1003,Hill Country Goods,Outlet,San Antonio,Texas,39800,Linda Tran,2022-01-23,America/Chicago
1004,Big Sky Store,Supercenter,Houston,Texas,44000,Robert King,2023-05-10,America/Chicago
1005,MetroMart,Express,Fort Worth,Texas,36500,Sophie Nguyen,2024-02-02,America/Chicago
1006,Sunrise Market,Neighborhood,El Paso,Texas,39200,Ethan Walker,2025-01-20,America/Denver
1007,Aspen Valley Mart,Supercenter,Denver,Colorado,40500,Olivia Rivera,2020-06-25,America/Denver
1008,Rocky Market,Express,Boulder,Colorado,36200,Jackson Lee,2021-11-10,America/Denver
1009,Peak Plaza,Neighborhood,Colorado Springs,Colorado,39800,Grace Patel,2022-03-14,America/Denver
1010,Summit Supply,Outlet,Fort Collins,Colorado,42100,William Baker,2023-07-09,America/Denver
1011,Canyon Corner,Neighborhood,Grand Junction,Colorado,37900,Ava Scott,2024-10-03,America/Denver
1012,Mile High Market,Supercenter,Aurora,Colorado,40800,Noah Adams,2025-02-18,America/Denver
1013,Trailhead Store,Express,Pueblo,Colorado,37000,Emma Johnson,2021-08-15,America/Denver
1014,Pacific Goods,Supercenter,Los Angeles,California,44200,Daniel Thomas,2020-02-20,America/Los_Angeles
1015,Golden Bay Market,Outlet,San Francisco,California,39700,Chloe Parker,2021-06-07,America/Los_Angeles
1016,Desert Bloom,Neighborhood,Palm Springs,California,37800,Elijah Brown,2022-09-30,America/Los_Angeles
1017,Silicon Supply,Express,San Jose,California,40900,Natalie Cooper,2023-04-18,America/Los_Angeles
1018,Coastal Market,Supercenter,San Diego,California,42000,Henry Lopez,2024-08-11,America/Los_Angeles
1019,Wine Country Store,Neighborhood,Napa,California,36200,Samantha Davis,2025-03-05,America/Los_Angeles
1020,Redwood Retail,Outlet,Eureka,California,39200,Lucas Perez,2022-11-22,America/Los_Angeles
1021,Valley View Market,Express,Fresno,California,41000,Zoe Mitchell,2021-01-12,America/Los_Angeles
1022,Sierra Mart,Supercenter,Sacramento,California,43800,Benjamin White,2023-12-09,America/Los_Angeles
1023,Sonoran Supply,Neighborhood,Phoenix,Arizona,39400,Victoria Green,2020-04-17,America/Phoenix
1024,Coyote Corner,Outlet,Tucson,Arizona,40200,Logan Evans,2021-09-25,America/Phoenix
1025,Desert Market,Supercenter,Mesa,Arizona,42000,Ella Brooks,2022-02-13,America/Phoenix
1026,Copper State Mart,Express,Scottsdale,Arizona,37300,Caleb Wright,2023-06-21,America/Phoenix
1027,Canyon Goods,Neighborhood,Flagstaff,Arizona,40500,Aria Ramirez,2024-11-28,America/Phoenix
1028,Red Rock Retail,Outlet,Sedona,Arizona,39000,Matthew Foster,2025-07-07,America/Phoenix
1029,Wasatch Market,Supercenter,Salt Lake City,Utah,41700,Liam Hughes,2020-05-10,America/Denver
1030,Mountain View Mart,Neighborhood,Provo,Utah,38200,Charlotte Ward,2021-10-18,America/Denver
1031,Beehive Outlet,Outlet,Ogden,Utah,39500,David Hill,2022-05-29,America/Denver
1032,Canyon Creek Market,Supercenter,St. George,Utah,43000,Ella Carter,2023-03-11,America/Denver
1033,Deseret Store,Neighborhood,Logan,Utah,36900,Evelyn Wood,2024-09-03,America/Denver
1034,Pioneer Mart,Express,Orem,Utah,40700,Jacob Turner,2025-06-15,America/Denver
1035,Silver Ridge Store,Supercenter,Layton,Utah,41200,Lily Reed,2023-08-22,America/Denver
1036,Trailside Market,Neighborhood,Park City,Utah,38500,Jack Morris,2022-12-01,America/Denver
1037,Temple Plaza,Outlet,Sandy,Utah,40200,Isabella Allen,2024-04-14,America/Denver
1038,Capital Market,Express,Austin,Texas,39900,Ryan Scott,2020-09-20,America/Chicago
1039,Front Range Retail,Neighborhood,Boulder,Colorado,38800,Nora Phillips,2022-06-07,America/Denver
1040,Pacific View Mart,Supercenter,Santa Barbara,California,43600,Ethan Bailey,2021-03-15,America/Los_Angeles
1041,Copper Canyon Market,Neighborhood,Sedona,Arizona,39100,Mila Rivera,2023-10-05,America/Phoenix
1042,Great Basin Goods,Outlet,Moab,Utah,38000,Owen Collins,2022-08-13,America/Denver
1043,Sunset Supply,Supercenter,Houston,Texas,42800,Emma Rogers,2024-05-21,America/Chicago
1044,Golden Gate Market,Express,San Francisco,California,37400,Aiden Murphy,2025-09-09,America/Los_Angeles
1045,Mesa Valley Mart,Neighborhood,Mesa,Arizona,40700,Sofia Kelly,2020-12-17,America/Phoenix
1046,Rocky Ridge Retail,Supercenter,Denver,Colorado,41500,Lucas Bennett,2023-11-25,America/Denver
1047,Zion Plaza,Outlet,Springdale,Utah,39200,Harper Reed,2021-04-30,America/Denver
